{
  "folds": [
    {
      "accuracy": 0.9831999175456075,
      "f1": {
        "macro": 0.9358331494170307,
        "weighted": 0.9830654389572706,
        "sem_mortes": 0.9909636884412825,
        "com_mortes": 0.8807026103927788
      },
      "precision": {
        "macro": 0.942945821137396,
        "weighted": 0.9829719945147863,
        "sem_mortes": 0.9896652271804525,
        "com_mortes": 0.8962264150943396
      },
      "recall": {
        "macro": 0.9289864977235885,
        "weighted": 0.9831999175456075,
        "sem_mortes": 0.9922655613944193,
        "com_mortes": 0.8657074340527577
      },
      "confusion_matrix": [
        [
          26813,
          209
        ],
        [
          280,
          1805
        ]
      ],
      "best_params": {
        "lsvc__C": 1,
        "lsvc__max_iter": 2000
      }
    },
    {
      "accuracy": 0.9825127976088226,
      "f1": {
        "macro": 0.9345924703836435,
        "weighted": 0.9825570364916266,
        "sem_mortes": 0.9905777382869625,
        "com_mortes": 0.8786072024803243
      },
      "precision": {
        "macro": 0.9324068542000254,
        "weighted": 0.9826053962748788,
        "sem_mortes": 0.9909996666543205,
        "com_mortes": 0.8738140417457305
      },
      "recall": {
        "macro": 0.9368047032287574,
        "weighted": 0.9825127976088226,
        "sem_mortes": 0.9901561690474429,
        "com_mortes": 0.883453237410072
      },
      "confusion_matrix": [
        [
          26756,
          266
        ],
        [
          243,
          1842
        ]
      ],
      "best_params": {
        "lsvc__C": 1,
        "lsvc__max_iter": 1000
      }
    },
    {
      "accuracy": 0.9838870374823926,
      "f1": {
        "macro": 0.9391158873876039,
        "weighted": 0.983849369447457,
        "sem_mortes": 0.9913255775241829,
        "com_mortes": 0.8869061972510248
      },
      "precision": {
        "macro": 0.9411804755009394,
        "weighted": 0.9838152358890527,
        "sem_mortes": 0.9909406892471528,
        "com_mortes": 0.8914202617547261
      },
      "recall": {
        "macro": 0.9370741924327914,
        "weighted": 0.9838870374823926,
        "sem_mortes": 0.9917107649039707,
        "com_mortes": 0.8824376199616123
      },
      "confusion_matrix": [
        [
          26799,
          224
        ],
        [
          245,
          1839
        ]
      ],
      "best_params": {
        "lsvc__C": 1,
        "lsvc__max_iter": 1000
      }
    },
    {
      "accuracy": 0.9836459836459837,
      "f1": {
        "macro": 0.9386031917419039,
        "weighted": 0.9836604378110552,
        "sem_mortes": 0.9911910578133096,
        "com_mortes": 0.8860153256704981
      },
      "precision": {
        "macro": 0.937829524270469,
        "weighted": 0.9836753979526207,
        "sem_mortes": 0.9913378248315688,
        "com_mortes": 0.884321223709369
      },
      "recall": {
        "macro": 0.9393801325741405,
        "weighted": 0.9836459836459837,
        "sem_mortes": 0.9910443342461698,
        "com_mortes": 0.8877159309021113
      },
      "confusion_matrix": [
        [
          26780,
          242
        ],
        [
          234,
          1850
        ]
      ],
      "best_params": {
        "lsvc__C": 1,
        "lsvc__max_iter": 1000
      }
    },
    {
      "accuracy": 0.983577269291555,
      "f1": {
        "macro": 0.9383179626581966,
        "weighted": 0.9835881611510048,
        "sem_mortes": 0.9911543728487361,
        "com_mortes": 0.8854815524676569
      },
      "precision": {
        "macro": 0.9377374811028163,
        "weighted": 0.9835993377124113,
        "sem_mortes": 0.991264435889843,
        "com_mortes": 0.8842105263157894
      },
      "recall": {
        "macro": 0.9389002861250042,
        "weighted": 0.983577269291555,
        "sem_mortes": 0.9910443342461698,
        "com_mortes": 0.8867562380038387
      },
      "confusion_matrix": [
        [
          26780,
          242
        ],
        [
          236,
          1848
        ]
      ],
      "best_params": {
        "lsvc__C": 1,
        "lsvc__max_iter": 1000
      }
    }
  ],
  "accuracy": 0.9833646011148722,
  "f1": {
    "macro": 0.9372925323176757,
    "weighted": 0.9833440887716829,
    "com_mortes": 0.8835425776524566,
    "sem_mortes": 0.9910424869828945
  },
  "precision": {
    "macro": 0.9384200312423292,
    "weighted": 0.98333347246875,
    "com_mortes": 0.885998493723991,
    "sem_mortes": 0.9908415687606675
  },
  "recall": {
    "macro": 0.9362291624168565,
    "weighted": 0.9833646011148722,
    "com_mortes": 0.8812140920660785,
    "sem_mortes": 0.9912442327676345
  }
}