{
  "folds": [
    {
      "accuracy": 0.990723880853403,
      "f1": {
        "macro": 0.9660425160045301,
        "weighted": 0.9908452238520554,
        "sem_mortes": 0.9949927673305886,
        "com_mortes": 0.9370922646784716
      },
      "precision": {
        "macro": 0.9542203667613861,
        "weighted": 0.9910845845928616,
        "sem_mortes": 0.9972490706319702,
        "com_mortes": 0.911191662890802
      },
      "recall": {
        "macro": 0.9786275220812175,
        "weighted": 0.990723880853403,
        "sem_mortes": 0.9927466508770632,
        "com_mortes": 0.9645083932853717
      },
      "confusion_matrix": [
        [
          26826,
          196
        ],
        [
          74,
          2011
        ]
      ],
      "best_params": {
        "lsvc__C": 0.1,
        "lsvc__max_iter": 1000
      }
    },
    {
      "accuracy": 0.9894870649671901,
      "f1": {
        "macro": 0.9617769794879727,
        "weighted": 0.9896592536918722,
        "sem_mortes": 0.9943217665615142,
        "com_mortes": 0.9292321924144311
      },
      "precision": {
        "macro": 0.9472234628554415,
        "weighted": 0.9900155959449163,
        "sem_mortes": 0.9971713562602352,
        "com_mortes": 0.8972755694506476
      },
      "recall": {
        "macro": 0.977518788758498,
        "weighted": 0.9894870649671901,
        "sem_mortes": 0.9914884168455332,
        "com_mortes": 0.9635491606714628
      },
      "confusion_matrix": [
        [
          26792,
          230
        ],
        [
          76,
          2009
        ]
      ],
      "best_params": {
        "lsvc__C": 0.1,
        "lsvc__max_iter": 5000
      }
    },
    {
      "accuracy": 0.9900711169134573,
      "f1": {
        "macro": 0.9638928000730117,
        "weighted": 0.9902348370195849,
        "sem_mortes": 0.9946373234862964,
        "com_mortes": 0.933148276659727
      },
      "precision": {
        "macro": 0.9491774601756737,
        "weighted": 0.9905858366986176,
        "sem_mortes": 0.9975063272294179,
        "com_mortes": 0.9008485931219294
      },
      "recall": {
        "macro": 0.9798175319197417,
        "weighted": 0.9900711169134573,
        "sem_mortes": 0.9917847759316138,
        "com_mortes": 0.9678502879078695
      },
      "confusion_matrix": [
        [
          26801,
          222
        ],
        [
          67,
          2017
        ]
      ],
      "best_params": {
        "lsvc__C": 0.1,
        "lsvc__max_iter": 2000
      }
    },
    {
      "accuracy": 0.9905174190888476,
      "f1": {
        "macro": 0.9655535455022091,
        "weighted": 0.9906786193380147,
        "sem_mortes": 0.9948778858288174,
        "com_mortes": 0.9362292051756007
      },
      "precision": {
        "macro": 0.9503464329667538,
        "weighted": 0.991039586428155,
        "sem_mortes": 0.9978408160226342,
        "com_mortes": 0.9028520499108734
      },
      "recall": {
        "macro": 0.9820507026974963,
        "weighted": 0.9905174190888476,
        "sem_mortes": 0.9919324994448967,
        "com_mortes": 0.972168905950096
      },
      "confusion_matrix": [
        [
          26804,
          218
        ],
        [
          58,
          2026
        ]
      ],
      "best_params": {
        "lsvc__C": 0.1,
        "lsvc__max_iter": 1000
      }
    },
    {
      "accuracy": 0.9900364186078472,
      "f1": {
        "macro": 0.9639746017600535,
        "weighted": 0.9902280186509194,
        "sem_mortes": 0.9946158701867736,
        "com_mortes": 0.9333333333333333
      },
      "precision": {
        "macro": 0.9469198992953569,
        "weighted": 0.9906750778830872,
        "sem_mortes": 0.9979880774962743,
        "com_mortes": 0.8958517210944396
      },
      "recall": {
        "macro": 0.9826773336462462,
        "weighted": 0.9900364186078472,
        "sem_mortes": 0.9912663755458515,
        "com_mortes": 0.974088291746641
      },
      "confusion_matrix": [
        [
          26786,
          236
        ],
        [
          54,
          2030
        ]
      ],
      "best_params": {
        "lsvc__C": 0.1,
        "lsvc__max_iter": 1000
      }
    }
  ],
  "accuracy": 0.9901671800861489,
  "f1": {
    "macro": 0.9642480885655553,
    "weighted": 0.9903291905104894,
    "com_mortes": 0.9338070544523129,
    "sem_mortes": 0.9946891226787982
  },
  "precision": {
    "macro": 0.9495775244109224,
    "weighted": 0.9906801363095277,
    "com_mortes": 0.9016039192937383,
    "sem_mortes": 0.9975511295281064
  },
  "recall": {
    "macro": 0.9801383758206399,
    "weighted": 0.9901671800861489,
    "com_mortes": 0.9684330079122881,
    "sem_mortes": 0.9918437437289918
  }
}