{
  "folds": [
    {
      "accuracy": 0.9489813446937163,
      "f1": {
        "macro": 0.7141419053053081,
        "weighted": 0.9361186735574776,
        "sem_mortes": 0.9732379390509831,
        "com_mortes": 0.45504587155963305
      },
      "precision": {
        "macro": 0.9586434511890962,
        "weighted": 0.9499848121092354,
        "sem_mortes": 0.9485369023781923,
        "com_mortes": 0.96875
      },
      "recall": {
        "macro": 0.6483109863230724,
        "weighted": 0.9489813446937163,
        "sem_mortes": 0.9992598623343942,
        "com_mortes": 0.2973621103117506
      },
      "confusion_matrix": [
        [
          27002,
          20
        ],
        [
          1465,
          620
        ]
      ],
      "best_params": {
        "rf__n_estimators": 200,
        "rf__max_depth": null,
        "rf__class_weight": "balanced_subsample"
      }
    },
    {
      "accuracy": 0.94880956470952,
      "f1": {
        "macro": 0.7148703115568966,
        "weighted": 0.9361387794448909,
        "sem_mortes": 0.9731396019613499,
        "com_mortes": 0.4566010211524435
      },
      "precision": {
        "macro": 0.9507664384899139,
        "weighted": 0.9490106524480443,
        "sem_mortes": 0.9487170474516696,
        "com_mortes": 0.9528158295281582
      },
      "recall": {
        "macro": 0.6495462973858941,
        "weighted": 0.94880956470952,
        "sem_mortes": 0.998852786618311,
        "com_mortes": 0.30023980815347723
      },
      "confusion_matrix": [
        [
          26991,
          31
        ],
        [
          1459,
          626
        ]
      ],
      "best_params": {
        "rf__n_estimators": 200,
        "rf__max_depth": null,
        "rf__class_weight": "balanced_subsample"
      }
    },
    {
      "accuracy": 0.9486377847253238,
      "f1": {
        "macro": 0.7130179546175995,
        "weighted": 0.9358177932107796,
        "sem_mortes": 0.9730538382509327,
        "com_mortes": 0.45298207098426635
      },
      "precision": {
        "macro": 0.9511478327047749,
        "weighted": 0.9488968317137457,
        "sem_mortes": 0.9485206268887484,
        "com_mortes": 0.9537750385208013
      },
      "recall": {
        "macro": 0.6479573933003542,
        "weighted": 0.9486377847253238,
        "sem_mortes": 0.9988898345853532,
        "com_mortes": 0.29702495201535506
      },
      "confusion_matrix": [
        [
          26993,
          30
        ],
        [
          1465,
          619
        ]
      ],
      "best_params": {
        "rf__n_estimators": 200,
        "rf__max_depth": null,
        "rf__class_weight": "balanced_subsample"
      }
    },
    {
      "accuracy": 0.9501820930392358,
      "f1": {
        "macro": 0.7231002193798787,
        "weighted": 0.937948378015475,
        "sem_mortes": 0.9738569161978942,
        "com_mortes": 0.4723435225618632
      },
      "precision": {
        "macro": 0.9634780419759341,
        "weighted": 0.9515414599835883,
        "sem_mortes": 0.9495464453976513,
        "com_mortes": 0.9774096385542169
      },
      "recall": {
        "macro": 0.6554326211201195,
        "weighted": 0.9501820930392358,
        "sem_mortes": 0.9994448967507956,
        "com_mortes": 0.31142034548944336
      },
      "confusion_matrix": [
        [
          27007,
          15
        ],
        [
          1435,
          649
        ]
      ],
      "best_params": {
        "rf__n_estimators": 200,
        "rf__max_depth": null,
        "rf__class_weight": "balanced_subsample"
      }
    },
    {
      "accuracy": 0.9503882361025218,
      "f1": {
        "macro": 0.7257631614168272,
        "weighted": 0.9384159635014013,
        "sem_mortes": 0.9739575818785168,
        "com_mortes": 0.47756874095513746
      },
      "precision": {
        "macro": 0.9602466259141382,
        "weighted": 0.9513859423877887,
        "sem_mortes": 0.9499050165341588,
        "com_mortes": 0.9705882352941176
      },
      "recall": {
        "macro": 0.6579792593821683,
        "weighted": 0.9503882361025218,
        "sem_mortes": 0.9992598623343942,
        "com_mortes": 0.31669865642994244
      },
      "confusion_matrix": [
        [
          27002,
          20
        ],
        [
          1424,
          660
        ]
      ],
      "best_params": {
        "rf__n_estimators": 100,
        "rf__max_depth": null,
        "rf__class_weight": "balanced_subsample"
      }
    }
  ],
  "accuracy": 0.9493998046540636,
  "f1": {
    "macro": 0.718178710455302,
    "weighted": 0.9368879175460048,
    "com_mortes": 0.4629082454426687,
    "sem_mortes": 0.9734491754679352
  },
  "precision": {
    "macro": 0.9568564780547714,
    "weighted": 0.9501639397284805,
    "com_mortes": 0.9646677483794587,
    "sem_mortes": 0.949045207730084
  },
  "recall": {
    "macro": 0.6518453115023217,
    "weighted": 0.9493998046540636,
    "com_mortes": 0.30454917447999375,
    "sem_mortes": 0.9991414485246498
  }
}