{
  "folds": [
    {
      "accuracy": 0.9026694609544096,
      "f1": {
        "macro": 0.6169960896830611,
        "weighted": 0.9003852558615008,
        "sem_mortes": 0.9477739883860263,
        "com_mortes": 0.28621819098009577
      },
      "precision": {
        "macro": 0.622880630552113,
        "weighted": 0.8982306468803845,
        "sem_mortes": 0.9442750615288543,
        "com_mortes": 0.30148619957537154
      },
      "recall": {
        "macro": 0.611860501976629,
        "weighted": 0.9026694609544096,
        "sem_mortes": 0.9512989416031382,
        "com_mortes": 0.2724220623501199
      },
      "confusion_matrix": [
        [
          25706,
          1316
        ],
        [
          1517,
          568
        ]
      ],
      "best_params": {
        "lsvc__C": 1,
        "lsvc__max_iter": 2000
      }
    },
    {
      "accuracy": 0.9017074930429106,
      "f1": {
        "macro": 0.6190738566292243,
        "weighted": 0.9001856543018508,
        "sem_mortes": 0.9471935620812492,
        "com_mortes": 0.2909541511771995
      },
      "precision": {
        "macro": 0.6229324544930097,
        "weighted": 0.898721447087086,
        "sem_mortes": 0.9448392679603785,
        "com_mortes": 0.301025641025641
      },
      "recall": {
        "macro": 0.6155471951356093,
        "weighted": 0.9017074930429106,
        "sem_mortes": 0.9495596180889645,
        "com_mortes": 0.2815347721822542
      },
      "confusion_matrix": [
        [
          25659,
          1363
        ],
        [
          1498,
          587
        ]
      ],
      "best_params": {
        "lsvc__C": 1,
        "lsvc__max_iter": 1000
      }
    },
    {
      "accuracy": 0.9015013570618752,
      "f1": {
        "macro": 0.6133023300881301,
        "weighted": 0.8993336709707401,
        "sem_mortes": 0.9471374573614825,
        "com_mortes": 0.2794672028147776
      },
      "precision": {
        "macro": 0.6186259980755038,
        "weighted": 0.897277835882555,
        "sem_mortes": 0.943848302219609,
        "com_mortes": 0.2934036939313984
      },
      "recall": {
        "macro": 0.6086221213563509,
        "weighted": 0.9015013570618752,
        "sem_mortes": 0.950449616992932,
        "com_mortes": 0.2667946257197697
      },
      "confusion_matrix": [
        [
          25684,
          1339
        ],
        [
          1528,
          556
        ]
      ],
      "best_params": {
        "lsvc__C": 1,
        "lsvc__max_iter": 1000
      }
    },
    {
      "accuracy": 0.9019789734075448,
      "f1": {
        "macro": 0.6132071133219572,
        "weighted": 0.8995561787644951,
        "sem_mortes": 0.9474149847940282,
        "com_mortes": 0.2789992418498863
      },
      "precision": {
        "macro": 0.6192295417318688,
        "weighted": 0.8972739158299765,
        "sem_mortes": 0.9437447214776191,
        "com_mortes": 0.2947143619861185
      },
      "recall": {
        "macro": 0.6079945735549807,
        "weighted": 0.9019789734075448,
        "sem_mortes": 0.9511139071867367,
        "com_mortes": 0.2648752399232246
      },
      "confusion_matrix": [
        [
          25701,
          1321
        ],
        [
          1532,
          552
        ]
      ],
      "best_params": {
        "lsvc__C": 1,
        "lsvc__max_iter": 1000
      }
    },
    {
      "accuracy": 0.9017728303442589,
      "f1": {
        "macro": 0.6229683333975584,
        "weighted": 0.9007591578354831,
        "sem_mortes": 0.9471875865890829,
        "com_mortes": 0.29874908020603386
      },
      "precision": {
        "macro": 0.6255837729104942,
        "weighted": 0.8997717790523423,
        "sem_mortes": 0.9455980525946963,
        "com_mortes": 0.305569493226292
      },
      "recall": {
        "macro": 0.6205044805320354,
        "weighted": 0.9017728303442589,
        "sem_mortes": 0.9487824735400785,
        "com_mortes": 0.29222648752399233
      },
      "confusion_matrix": [
        [
          25638,
          1384
        ],
        [
          1475,
          609
        ]
      ],
      "best_params": {
        "lsvc__C": 1,
        "lsvc__max_iter": 1000
      }
    }
  ],
  "accuracy": 0.9019260229621999,
  "f1": {
    "macro": 0.6171095446239863,
    "weighted": 0.9000439835468139,
    "com_mortes": 0.2868775734055986,
    "sem_mortes": 0.9473415158423739
  },
  "precision": {
    "macro": 0.6218504795525979,
    "weighted": 0.8982551249464688,
    "com_mortes": 0.29923987794896434,
    "sem_mortes": 0.9444610811562315
  },
  "recall": {
    "macro": 0.612905774511121,
    "weighted": 0.9019260229621999,
    "com_mortes": 0.27557063753987215,
    "sem_mortes": 0.9502409114823701
  }
}