{
  "key": "dataset_final",
  "target": "teve_mortos",
  "variant": "default",
  "shape_original": [
    145685,
    41
  ],
  "shape_after_prepro": [
    145533,
    41
  ],
  "test_size": 5,
  "random_state": 42,
  "results": {
    "sgb": {
      "folds": [
        {
          "accuracy": 0.873672999622084,
          "f1": {
            "macro": 0.6543373484469708,
            "weighted": 0.8902371644287614,
            "sem_mortes": 0.9296846614269596,
            "com_mortes": 0.37899003546698196
          },
          "precision": {
            "macro": 0.6271926291884399,
            "weighted": 0.9139423841454628,
            "sem_mortes": 0.9618930790233865,
            "com_mortes": 0.2924921793534932
          },
          "recall": {
            "macro": 0.7188464075900851,
            "weighted": 0.873672999622084,
            "sem_mortes": 0.8995633187772926,
            "com_mortes": 0.5381294964028777
          },
          "confusion_matrix": [
            [
              24308,
              2714
            ],
            [
              963,
              1122
            ]
          ],
          "best_params": {
            "sgb__alpha": 0.0001,
            "sgb__class_weight": "balanced",
            "sgb__loss": "hinge"
          }
        },
        {
          "accuracy": 0.8784484831827395,
          "f1": {
            "macro": 0.6521489966894548,
            "weighted": 0.8925217144422785,
            "sem_mortes": 0.9327171763273999,
            "com_mortes": 0.37158081705150975
          },
          "precision": {
            "macro": 0.6272085989329409,
            "weighted": 0.9117691200546755,
            "sem_mortes": 0.9593537281902824,
            "com_mortes": 0.29506346967559943
          },
          "recall": {
            "macro": 0.7045992278784478,
            "weighted": 0.8784484831827395,
            "sem_mortes": 0.907519798682555,
            "com_mortes": 0.5016786570743406
          },
          "confusion_matrix": [
            [
              24523,
              2499
            ],
            [
              1039,
              1046
            ]
          ],
          "best_params": {
            "sgb__alpha": 0.0001,
            "sgb__class_weight": "balanced",
            "sgb__loss": "hinge"
          }
        },
        {
          "accuracy": 0.8650152884185934,
          "f1": {
            "macro": 0.6493055800559746,
            "weighted": 0.8849628613270167,
            "sem_mortes": 0.9243477423702705,
            "com_mortes": 0.3742634177416786
          },
          "precision": {
            "macro": 0.62180345615135,
            "weighted": 0.9145803970652269,
            "sem_mortes": 0.9635115606936416,
            "com_mortes": 0.2800953516090584
          },
          "recall": {
            "macro": 0.7260314629970077,
            "weighted": 0.8650152884185934,
            "sem_mortes": 0.8882433482588906,
            "com_mortes": 0.5638195777351248
          },
          "confusion_matrix": [
            [
              24003,
              3020
            ],
            [
              909,
              1175
            ]
          ],
          "best_params": {
            "sgb__alpha": 0.0001,
            "sgb__class_weight": "balanced",
            "sgb__loss": "hinge"
          }
        },
        {
          "accuracy": 0.8702672988387274,
          "f1": {
            "macro": 0.6486546680222083,
            "weighted": 0.8877347764883078,
            "sem_mortes": 0.9276933093332312,
            "com_mortes": 0.3696160267111853
          },
          "precision": {
            "macro": 0.6223201484895033,
            "weighted": 0.9126980030686781,
            "sem_mortes": 0.9612301587301587,
            "com_mortes": 0.2834101382488479
          },
          "recall": {
            "macro": 0.7138038764461629,
            "weighted": 0.8702672988387274,
            "sem_mortes": 0.8964177336984679,
            "com_mortes": 0.531190019193858
          },
          "confusion_matrix": [
            [
              24223,
              2799
            ],
            [
              977,
              1107
            ]
          ],
          "best_params": {
            "sgb__alpha": 0.0001,
            "sgb__class_weight": "balanced",
            "sgb__loss": "hinge"
          }
        },
        {
          "accuracy": 0.8699580842437985,
          "f1": {
            "macro": 0.650653624756645,
            "weighted": 0.8878078943325799,
            "sem_mortes": 0.9274445530699484,
            "com_mortes": 0.3738626964433416
          },
          "precision": {
            "macro": 0.6236707731361084,
            "weighted": 0.9136024651868815,
            "sem_mortes": 0.9620600517001392,
            "com_mortes": 0.28528149457207774
          },
          "recall": {
            "macro": 0.7187300004787455,
            "weighted": 0.8699580842437985,
            "sem_mortes": 0.8952335134334987,
            "com_mortes": 0.5422264875239923
          },
          "confusion_matrix": [
            [
              24191,
              2831
            ],
            [
              954,
              1130
            ]
          ],
          "best_params": {
            "sgb__alpha": 0.0001,
            "sgb__class_weight": "balanced",
            "sgb__loss": "hinge"
          }
        }
      ],
      "accuracy": 0.8714724308611885,
      "f1": {
        "macro": 0.6510200435942506,
        "weighted": 0.8886528822037889,
        "com_mortes": 0.37366259868293944,
        "sem_mortes": 0.9283774885055619
      },
      "precision": {
        "macro": 0.6244391211796685,
        "weighted": 0.9133184739041849,
        "com_mortes": 0.2872685266918153,
        "sem_mortes": 0.9616097156675216
      },
      "recall": {
        "macro": 0.7164021950780899,
        "weighted": 0.8714724308611885,
        "com_mortes": 0.5354088475860387,
        "sem_mortes": 0.897395542570141
      }
    },
    "rf": {
      "folds": [
        {
          "accuracy": 0.92915793451747,
          "f1": {
            "macro": 0.49848527742534093,
            "weighted": 0.8966495175879636,
            "sem_mortes": 0.9632310984308131,
            "com_mortes": 0.033739456419868794
          },
          "precision": {
            "macro": 0.8320898667127392,
            "weighted": 0.9155324675209908,
            "sem_mortes": 0.929485855874458,
            "com_mortes": 0.7346938775510204
          },
          "recall": {
            "macro": 0.508392548783858,
            "weighted": 0.92915793451747,
            "sem_mortes": 0.9995189105173562,
            "com_mortes": 0.017266187050359712
          },
          "confusion_matrix": [
            [
              27009,
              13
            ],
            [
              2049,
              36
            ]
          ],
          "best_params": {
            "rf__n_estimators": 100,
            "rf__max_depth": null,
            "rf__class_weight": "balanced_subsample"
          }
        },
        {
          "accuracy": 0.9287800185522382,
          "f1": {
            "macro": 0.49145281284011716,
            "weighted": 0.8954846937249411,
            "sem_mortes": 0.9630474696518655,
            "com_mortes": 0.019858156028368795
          },
          "precision": {
            "macro": 0.814508030402036,
            "weighted": 0.912611124301633,
            "sem_mortes": 0.929016060804072,
            "com_mortes": 0.7
          },
          "recall": {
            "macro": 0.5048694402482603,
            "weighted": 0.9287800185522382,
            "sem_mortes": 0.9996669380504773,
            "com_mortes": 0.010071942446043165
          },
          "confusion_matrix": [
            [
              27013,
              9
            ],
            [
              2064,
              21
            ]
          ],
          "best_params": {
            "rf__n_estimators": 200,