{
  "folds": [
    {
      "accuracy": 0.9340708420654825,
      "f1": {
        "macro": 0.7411674821901366,
        "weighted": 0.9326045677206803,
        "sem_mortes": 0.9646169447773578,
        "com_mortes": 0.5177180196029153
      },
      "precision": {
        "macro": 0.7525271809536027,
        "weighted": 0.9313318050361867,
        "sem_mortes": 0.9612317642303311,
        "com_mortes": 0.5438225976768744
      },
      "recall": {
        "macro": 0.7310154245044495,
        "weighted": 0.9340708420654825,
        "sem_mortes": 0.9680260528458293,
        "com_mortes": 0.4940047961630695
      },
      "confusion_matrix": [
        [
          26158,
          864
        ],
        [
          1055,
          1030
        ]
      ],
      "best_params": {
        "lsvc__C": 1,
        "lsvc__max_iter": 1000
      }
    },
    {
      "accuracy": 0.9315628542962174,
      "f1": {
        "macro": 0.7394895029550599,
        "weighted": 0.9311324894870666,
        "sem_mortes": 0.9631792975970425,
        "com_mortes": 0.5157997083130773
      },
      "precision": {
        "macro": 0.7425505078496377,
        "weighted": 0.9307177354171398,
        "sem_mortes": 0.9621833222542285,
        "com_mortes": 0.5229176934450468
      },
      "recall": {
        "macro": 0.7365251193316681,
        "weighted": 0.9315628542962174,
        "sem_mortes": 0.9641773369846791,
        "com_mortes": 0.5088729016786571
      },
      "confusion_matrix": [
        [
          26054,
          968
        ],
        [
          1024,
          1061
        ]
      ],
      "best_params": {
        "lsvc__C": 1,
        "lsvc__max_iter": 2000
      }
    },
    {
      "accuracy": 0.9314941423025389,
      "f1": {
        "macro": 0.7371008300313243,
        "weighted": 0.9307951372242533,
        "sem_mortes": 0.9631668390719669,
        "com_mortes": 0.5110348209906818
      },
      "precision": {
        "macro": 0.7420679772508245,
        "weighted": 0.9301367351721074,
        "sem_mortes": 0.961568251392321,
        "com_mortes": 0.522567703109328
      },
      "recall": {
        "macro": 0.7323853754209377,
        "weighted": 0.9314941423025389,
        "sem_mortes": 0.9647707508418755,
        "com_mortes": 0.5
      },
      "confusion_matrix": [
        [
          26071,
          952
        ],
        [
          1042,
          1042
        ]
      ],
      "best_params": {
        "lsvc__C": 1,
        "lsvc__max_iter": 1000
      }
    },
    {
      "accuracy": 0.9306672163815021,
      "f1": {
        "macro": 0.7348973248184281,
        "weighted": 0.9300880155188893,
        "sem_mortes": 0.9627111127536124,
        "com_mortes": 0.5070835368832438
      },
      "precision": {
        "macro": 0.7389072132693486,
        "weighted": 0.9295358889295129,
        "sem_mortes": 0.9613965160909359,
        "com_mortes": 0.5164179104477612
      },
      "recall": {
        "macro": 0.7310549618275064,
        "weighted": 0.9306672163815021,
        "sem_mortes": 0.964029309451558,
        "com_mortes": 0.4980806142034549
      },
      "confusion_matrix": [
        [
          26050,
          972
        ],
        [
          1046,
          1038
        ]
      ],
      "best_params": {
        "lsvc__C": 1,
        "lsvc__max_iter": 5000
      }
    },
    {
      "accuracy": 0.930873359444788,
      "f1": {
        "macro": 0.7393299972096096,
        "weighted": 0.9307812343807872,
        "sem_mortes": 0.962779339943762,
        "com_mortes": 0.5158806544754572
      },
      "precision": {
        "macro": 0.7399700877173689,
        "weighted": 0.9306898133138106,
        "sem_mortes": 0.9625656580602204,
        "com_mortes": 0.5173745173745173
      },
      "recall": {
        "macro": 0.7386942550968991,
        "weighted": 0.930873359444788,
        "sem_mortes": 0.9629931167197099,
        "com_mortes": 0.5143953934740882
      },
      "confusion_matrix": [
        [
          26022,
          1000
        ],
        [
          1012,
          1072
        ]
      ],
      "best_params": {
        "lsvc__C": 1,
        "lsvc__max_iter": 2000
      }
    }
  ],
  "accuracy": 0.9317336828981059,
  "f1": {
    "macro": 0.7383970274409117,
    "weighted": 0.9310802888663353,
    "com_mortes": 0.5135033480530751,
    "sem_mortes": 0.9632907068287484
  },
  "precision": {
    "macro": 0.7432045934081566,
    "weighted": 0.9304823955737515,
    "com_mortes": 0.5246200844107055,
    "sem_mortes": 0.9617891024056074
  },
  "recall": {
    "macro": 0.7339350272362921,
    "weighted": 0.9317336828981059,
    "com_mortes": 0.503070741103854,
    "sem_mortes": 0.9647993133687305
  }
}